subject,age,sex,site,sitenum,lh_G&S_frontomargin_thickness,lh_G&S_occipital_inf_thickness,lh_G&S_paracentral_thickness,lh_G&S_subcentral_thickness,lh_G&S_transv_frontopol_thickness,lh_G&S_cingul-Ant_thickness,lh_G&S_cingul-Mid-Ant_thickness,lh_G&S_cingul-Mid-Post_thickness,lh_G_cingul-Post-dorsal_thickness,lh_G_cingul-Post-ventral_thickness,lh_G_cuneus_thickness,lh_G_front_inf-Opercular_thickness,lh_G_front_inf-Orbital_thickness,lh_G_front_inf-Triangul_thickness,lh_G_front_middle_thickness,lh_G_front_sup_thickness,lh_G_Ins_lG&S_cent_ins_thickness,lh_G_insular_short_thickness,lh_G_occipital_middle_thickness,lh_G_occipital_sup_thickness,lh_G_oc-temp_lat-fusifor_thickness,lh_G_oc-temp_med-Lingual_thickness,lh_G_oc-temp_med-Parahip_thickness,lh_G_orbital_thickness,lh_G_pariet_inf-Angular_thickness,lh_G_pariet_inf-Supramar_thickness,lh_G_parietal_sup_thickness,lh_G_postcentral_thickness,lh_G_precentral_thickness,lh_G_precuneus_thickness,lh_G_rectus_thickness,lh_G_subcallosal_thickness,lh_G_temp_sup-G_T_transv_thickness,lh_G_temp_sup-Lateral_thickness,lh_G_temp_sup-Plan_polar_thickness,lh_G_temp_sup-Plan_tempo_thickness,lh_G_temporal_inf_thickness,lh_G_temporal_middle_thickness,lh_Lat_Fis-ant-Horizont_thickness,lh_Lat_Fis-ant-Vertical_thickness,lh_Lat_Fis-post_thickness,lh_Pole_occipital_thickness,lh_Pole_temporal_thickness,lh_S_calcarine_thickness,lh_S_central_thickness,lh_S_cingul-Marginalis_thickness,lh_S_circular_insula_ant_thickness,lh_S_circular_insula_inf_thickness,lh_S_circular_insula_sup_thickness,lh_S_collat_transv_ant_thickness,lh_S_collat_transv_post_thickness,lh_S_front_inf_thickness,lh_S_front_middle_thickness,lh_S_front_sup_thickness,lh_S_interm_prim-Jensen_thickness,lh_S_intrapariet_and_P_trans_thickness,lh_S_oc_middle_and_Lunatus_thickness,lh_S_oc_sup_and_transversal_thickness,lh_S_occipital_ant_thickness,lh_S_oc-temp_lat_thickness,lh_S_oc-temp_med_and_Lingual_thickness,lh_S_orbital_lateral_thickness,lh_S_orbital_med-olfact_thickness,lh_S_orbital-H_Shaped_thickness,lh_S_parieto_occipital_thickness,lh_S_pericallosal_thickness,lh_S_postcentral_thickness,lh_S_precentral-inf-part_thickness,lh_S_precentral-sup-part_thickness,lh_S_suborbital_thickness,lh_S_subparietal_thickness,lh_S_temporal_inf_thickness,lh_S_temporal_sup_thickness,lh_S_temporal_transverse_thickness,lh_MeanThickness_thickness,BrainSegVolNotVent,eTIV,lh_G&S_frontomargin_thickness.1,lh_G&S_occipital_inf_thickness.1,lh_G&S_paracentral_thickness.1,lh_G&S_subcentral_thickness.1,lh_G&S_transv_frontopol_thickness.1,lh_G&S_cingul-Ant_thickness.1,lh_G&S_cingul-Mid-Ant_thickness.1,lh_G&S_cingul-Mid-Post_thickness.1,lh_G_Ins_lg&S_cent_ins_thickness,lh_S_intrapariet&P_trans_thickness,lh_S_oc_middle&Lunatus_thickness,lh_S_oc_sup&transversal_thickness,lh_S_oc-temp_med&Lingual_thickness,rh_G&S_frontomargin_thickness,rh_G&S_occipital_inf_thickness,rh_G&S_paracentral_thickness,rh_G&S_subcentral_thickness,rh_G&S_transv_frontopol_thickness,rh_G&S_cingul-Ant_thickness,rh_G&S_cingul-Mid-Ant_thickness,rh_G&S_cingul-Mid-Post_thickness,rh_G_cingul-Post-dorsal_thickness,rh_G_cingul-Post-ventral_thickness,rh_G_cuneus_thickness,rh_G_front_inf-Opercular_thickness,rh_G_front_inf-Orbital_thickness,rh_G_front_inf-Triangul_thickness,rh_G_front_middle_thickness,rh_G_front_sup_thickness,rh_G_Ins_lG&S_cent_ins_thickness,rh_G_insular_short_thickness,rh_G_occipital_middle_thickness,rh_G_occipital_sup_thickness,rh_G_oc-temp_lat-fusifor_thickness,rh_G_oc-temp_med-Lingual_thickness,rh_G_oc-temp_med-Parahip_thickness,rh_G_orbital_thickness,rh_G_pariet_inf-Angular_thickness,rh_G_pariet_inf-Supramar_thickness,rh_G_parietal_sup_thickness,rh_G_postcentral_thickness,rh_G_precentral_thickness,rh_G_precuneus_thickness,rh_G_rectus_thickness,rh_G_subcallosal_thickness,rh_G_temp_sup-G_T_transv_thickness,rh_G_temp_sup-Lateral_thickness,rh_G_temp_sup-Plan_polar_thickness,rh_G_temp_sup-Plan_tempo_thickness,rh_G_temporal_inf_thickness,rh_G_temporal_middle_thickness,rh_Lat_Fis-ant-Horizont_thickness,rh_Lat_Fis-ant-Vertical_thickness,rh_Lat_Fis-post_thickness,rh_Pole_occipital_thickness,rh_Pole_temporal_thickness,rh_S_calcarine_thickness,rh_S_central_thickness,rh_S_cingul-Marginalis_thickness,rh_S_circular_insula_ant_thickness,rh_S_circular_insula_inf_thickness,rh_S_circular_insula_sup_thickness,rh_S_collat_transv_ant_thickness,rh_S_collat_transv_post_thickness,rh_S_front_inf_thickness,rh_S_front_middle_thickness,rh_S_front_sup_thickness,rh_S_interm_prim-Jensen_thickness,rh_S_intrapariet_and_P_trans_thickness,rh_S_oc_middle_and_Lunatus_thickness,rh_S_oc_sup_and_transversal_thickness,rh_S_occipital_ant_thickness,rh_S_oc-temp_lat_thickness,rh_S_oc-temp_med_and_Lingual_thickness,rh_S_orbital_lateral_thickness,rh_S_orbital_med-olfact_thickness,rh_S_orbital-H_Shaped_thickness,rh_S_parieto_occipital_thickness,rh_S_pericallosal_thickness,rh_S_postcentral_thickness,rh_S_precentral-inf-part_thickness,rh_S_precentral-sup-part_thickness,rh_S_suborbital_thickness,rh_S_subparietal_thickness,rh_S_temporal_inf_thickness,rh_S_temporal_sup_thickness,rh_S_temporal_transverse_thickness,rh_MeanThickness_thickness,rh_G&S_frontomargin_thickness.1,rh_G&S_occipital_inf_thickness.1,rh_G&S_paracentral_thickness.1,rh_G&S_subcentral_thickness.1,rh_G&S_transv_frontopol_thickness.1,rh_G&S_cingul-Ant_thickness.1,rh_G&S_cingul-Mid-Ant_thickness.1,rh_G&S_cingul-Mid-Post_thickness.1,rh_G_Ins_lg&S_cent_ins_thickness,rh_S_intrapariet&P_trans_thickness,rh_S_oc_middle&Lunatus_thickness,rh_S_oc_sup&transversal_thickness,rh_S_oc-temp_med&Lingual_thickness,Left-Lateral-Ventricle,Left-Inf-Lat-Vent,Left-Cerebellum-White-Matter,Left-Cerebellum-Cortex,Left-Thalamus,Left-Caudate,Left-Putamen,Left-Pallidum,3rd-Ventricle,4th-Ventricle,Brain-Stem,Left-Hippocampus,Left-Amygdala,CSF,Left-Accumbens-area,Left-VentralDC,Left-vessel,Left-choroid-plexus,Right-Lateral-Ventricle,Right-Inf-Lat-Vent,Right-Cerebellum-White-Matter,Right-Cerebellum-Cortex,Right-Thalamus,Right-Caudate,Right-Putamen,Right-Pallidum,Right-Hippocampus,Right-Amygdala,Right-Accumbens-area,Right-VentralDC,Right-vessel,Right-choroid-plexus,5th-Ventricle,WM-hypointensities,Left-WM-hypointensities,Right-WM-hypointensities,non-WM-hypointensities,Left-non-WM-hypointensities,Right-non-WM-hypointensities,Optic-Chiasm,CC_Posterior,CC_Mid_Posterior,CC_Central,CC_Mid_Anterior,CC_Anterior,BrainSegVol,lhCortexVol,rhCortexVol,CortexVol,lhCerebralWhiteMatterVol,rhCerebralWhiteMatterVol,CerebralWhiteMatterVol,SubCortGrayVol,TotalGrayVol,SupraTentorialVol,SupraTentorialVolNotVent,MaskVol,BrainSegVol-to-eTIV,MaskVol-to-eTIV,lhSurfaceHoles,rhSurfaceHoles,SurfaceHoles,EstimatedTotalIntraCranialVol,Left-Thalamus-Proper,Right-Thalamus-Proper,BrainSegVolNotVentSurf,SupraTentorialVolNotVentVox
Sub-11,57.9,1,XXX_01,1,2.01,2.22,2.46,2.97,2.13,2.53,2.94,2.62,2.56,2.82,1.78,2.71,2.30,2.51,2.49,2.85,3.32,3.36,2.50,2.21,2.83,1.73,2.90,2.38,2.29,2.18,2.17,2.31,3.00,2.46,2.47,2.11,2.41,3.01,3.49,2.65,2.95,2.98,1.93,2.15,2.31,2.04,3.27,1.76,1.96,2.16,2.87,2.70,2.56,2.50,1.97,2.07,2.15,2.12,2.12,2.14,1.91,2.00,2.43,2.46,2.13,2.53,2.13,2.34,2.08,1.87,2.19,2.27,2.42,2.54,2.42,2.30,2.41,2.17,2.47,1092535.00,1561573.77,0.00,0.00,0.00,0.00,0.00,0.00,0.00,0.00,3.11,2.07,1.91,1.96,2.47,2.24,2.32,2.51,2.28,2.06,2.64,2.36,2.58,2.47,2.65,1.82,2.49,2.74,2.56,2.27,2.81,3.55,3.75,2.40,2.16,2.92,2.03,3.08,2.89,2.59,2.34,2.30,1.98,2.86,2.49,2.20,2.14,2.36,2.90,2.92,2.52,2.86,2.90,2.30,2.21,2.29,2.01,3.21,1.81,1.87,2.29,2.6,2.65,2.69,2.82,1.97,2.14,2.09,2.27,2.00,2.03,1.76,1.91,2.19,2.28,2.26,1.88,2.19,2.65,1.89,2.00,1.85,2.22,2.33,2.22,2.27,2.36,2.45,2.12,2.33,0.00,0.00,0.00,0.00,0.00,0.00,0.00,0.00,3.19,1.94,1.90,2.03,2.16,12186.5,223.2,14897.80,38044.80,7217.50,3046.10,4516.90,1561.2,1193.70,2042.60,19670.30,4263.90,1510.60,1673.00,471.60,4127.20,57.30,464.70,13840.10,421.5,12197.50,47629.80,6671.20,3352.80,5293.90,1913.8,3936.90,1779.90,482.10,3429.70,58.10,744.10,0.00,1045.20,0.00,0.00,0.00,0.00,0.00,183.70,894.60,557.90,442.40,555.00,1008.80,1123244.00,220165.16,216624.55,436789.72,288297,293203,467500.00,57032.00,611176.72,1025873.00,960697.00,1707225.00,0.69,1.05,8.00,11.00,19,1518522.25,7217.50,6609.50,0.00,0.00
Sub-12,52.53,1,XXX_01,1,1.97,2.03,2.19,2.38,2.19,2.37,2.29,2.36,2.89,2.62,1.63,2.83,2.68,2.29,2.46,2.76,3.11,3.26,2.24,1.79,3.16,1.74,3.21,2.49,2.41,2.35,2.03,2.04,2.79,2.96,2.22,2.51,2.41,2.53,3.04,2.40,2.78,2.68,2.02,1.91,2.26,1.86,2.64,1.60,1.80,2.03,2.50,2.60,2.28,2.42,1.62,1.94,1.99,2.13,2.22,1.86,1.95,1.69,2.29,2.44,2.11,1.93,2.11,2.52,1.97,1.41,1.87,2.27,2.19,2.07,2.01,2.37,2.17,2.39,2.23,1156711.00,1505241.86,0.00,0.00,0.00,0.00,0.00,0.00,0.00,0.00,3.09,2.00,1.91,1.80,2.41,2.26,2.33,2.21,2.36,2.50,2.38,2.53,2.39,2.46,2.53,1.61,2.48,2.68,2.32,2.42,2.56,3.23,3.02,1.73,1.99,2.68,2.23,3.06,2.85,2.40,2.42,2.11,1.79,2.57,2.36,2.16,2.17,2.36,2.77,3.16,2.15,2.57,3.03,2.05,2.28,2.28,1.82,3.11,1.61,1.74,2.18,2.97,2.77,2.63,2.53,2.27,1.84,1.85,2.08,1.97,1.92,1.78,1.89,2.00,2.32,2.29,2.26,2.22,2.25,2.09,1.81,2.00,1.88,2.24,2.22,2.15,2.18,2.34,1.86,2.22,0.00,0.00,0.00,0.00,0.00,0.00,0.00,0.00,2.91,2.03,1.96,2.15,2.29,12389.7,375.69,13869.20,48514.60,6692.70,3356.40,5264.20,2176.5,1736.90,1450.10,20220.50,4073.20,1357.90,930.70,437.60,3962.50,68.40,436.40,11653.40,464.2,14147.20,49932.60,6595.10,2915.80,5255.10,2256.2,4176.00,1588.20,454.70,3961.90,36.80,1379.60,0.00,968.90,0.00,0.00,0.00,0.00,0.00,198.80,987.30,512.00,454.80,498.50,1033.30,1117800.00,206342.25,207713.89,414056.14,247321.00,246896.00,227312.00,56931.00,565670.14,994058.00,963975.00,1559684.00,0.74,1.04,6.00,5.00,11,1564957.45,6234.10,6228.90,0.00,0.00
Sub-13,43.56,1,XXX_01,1,2.39,2.14,2.49,2.46,2.26,2.34,2.34,2.31,2.67,2.50,1.54,2.49,2.30,2.45,2.44,2.57,3.00,3.75,2.42,1.89,2.81,1.68,2.59,2.53,2.60,2.65,2.27,2.17,2.69,2.68,2.35,2.28,2.25,2.96,3.37,2.63,2.94,2.35,2.01,1.96,2.29,1.75,3.18,1.73,1.81,2.11,2.80,2.89,2.65,2.18,1.97,2.05,2.01,2.11,2.07,2.22,1.88,2.00,2.25,2.53,2.23,1.91,2.23,2.23,1.53,1.82,2.10,2.25,2.24,2.14,2.43,2.31,2.37,2.55,2.35,1148411.00,1462190.66,0.00,0.00,0.00,0.00,0.00,0.00,0.00,0.00,3.10,2.10,1.89,2.01,2.20,2.08,2.44,2.40,2.29,2.25,2.60,2.39,2.36,2.30,2.91,1.57,2.31,2.46,2.38,2.47,2.68,3.57,3.64,1.92,2.07,2.66,1.72,3.00,2.72,2.27,2.68,2.26,2.18,2.65,2.50,2.39,2.27,2.26,2.92,3.29,2.31,2.75,2.74,1.65,1.99,2.56,1.93,3.48,1.74,1.79,2.05,2.35,2.60,2.28,2.31,1.93,2.02,2.09,2.29,2.03,2.11,1.88,2.04,2.17,2.16,2.16,1.91,1.92,2.37,2.07,1.98,1.84,2.26,2.34,2.58,2.55,2.20,2.40,2.01,2.32,0.00,0.00,0.00,0.00,0.00,0.00,0.00,0.00,2.99,1.82,2.12,1.76,2.16,10142.6,235.91,15648.30,53921.50,6234.10,3046.10,4463.20,2130.9,904.00,2805.40,24400.70,3788.30,1493.80,1626.40,428.80,4614.20,35.80,1065.10,11262.30,219.4,14949.60,53351.50,7375.00,3580.80,4194.10,1979.00,4399.00,2047.30,501.40,3621.30,8.00,462.60,0.00,608.50,0.00,0.00,0.00,0.00,0.00,16.20,1159.90,628.60,507.50,367.10,1053.90,1175363.00,224844.90,225345.51,450190.41,440363.96,252975.00,507077.00,58764,616184.41,1040703.00,941755.00,1600344.00,0.80,1.18,4.00,6.00,10,1471122.19,6956.60,5984.70,0.00,0.00
Sub-14,75,1,XXX_01,1,2.34,2.19,2.47,2.54,2.44,2.41,2.39,2.43,3.06,2.41,1.98,2.53,2.44,2.31,2.41,2.68,3.16,3.58,2.44,2.00,2.77,1.94,3.01,2.46,2.43,2.50,2.11,1.97,2.79,2.60,2.25,2.17,2.17,2.88,3.43,2.38,2.85,2.64,1.76,2.47,2.15,1.82,2.89,1.53,1.77,2.22,2.95,2.86,2.32,2.71,1.82,2.16,2.08,2.01,1.93,2.07,2.20,1.79,2.16,2.47,2.20,1.83,2.20,2.40,1.86,1.92,1.98,2.49,2.34,2.15,2.44,2.69,2.48,2.22,2.30,1180233.00,1555830.21,0.00,0.00,0.00,0.00,0.00,0.00,0.00,0.00,3.47,1.80,1.82,1.68,2.19,2.35,2.34,2.20,2.29,2.40,2.56,2.79,2.57,3.03,2.54,1.65,2.58,2.58,2.51,2.45,2.70,3.32,3.19,1.97,2.35,2.85,1.92,2.88,2.66,2.39,2.58,2.34,1.98,2.86,2.49,1.92,2.85,2.40,2.74,3.09,2.41,2.85,2.88,2.38,2.18,2.30,1.75,3.13,1.68,1.69,2.39,3.00,2.58,2.53,2.52,2.22,2.12,2.12,2.33,2.16,1.89,2.08,1.84,1.96,2.09,2.53,2.42,2.27,2.22,1.95,1.82,1.57,2.35,2.06,2.34,2.53,2.13,2.23,1.98,2.39,0.00,0.00,0.00,0.00,0.00,0.00,0.00,0.00,3.24,1.98,1.84,1.78,2.30,11988,385.60,15764.90,50288.20,7935.30,3327.40,4982.00,1975.50,2085.60,1987.30,21389.60,4591.70,1559.40,1673.00,409.40,4432.90,32.50,703.90,15262.70,295.98,13350.00,50948.10,7670.70,3377.70,5007.80,1939.00,4647.80,1907.80,455.20,3819.60,28.50,778.50,0.00,1239.80,0.00,0.00,0.00,0.00,0.00,50.60,843.40,496.80,422.00,472.80,703.60,1207281.00,233725.93,235327.54,469053.46,465232.43,258888.50,522196.00,59716.00,630529.46,1076794.00,1049746.00,1634548.00,0.81,1.12,7.00,3.00,10,1720130.94,6173.90,6609.50,0.00,0.00
Sub-15,39.9,0,XXX_01,1,2.42,2.16,2.65,2.43,2.09,2.60,2.49,2.45,2.72,2.72,2.01,2.38,2.75,2.96,2.57,2.80,3.22,3.72,2.67,1.96,3.25,1.75,2.97,2.56,2.48,2.71,2.22,2.06,2.44,2.83,2.30,2.23,2.21,3.03,3.22,2.86,2.60,2.81,1.83,1.89,2.36,1.52,3.26,1.55,1.77,2.10,2.64,2.39,2.47,2.89,1.79,2.19,2.08,2.32,2.09,1.93,1.76,2.04,1.97,2.52,2.41,2.03,2.41,2.60,1.65,1.95,2.07,2.39,2.36,2.47,2.18,2.22,2.40,1.98,2.35,1044322.00,1168691.26,0.00,0.00,0.00,0.00,0.00,0.00,0.00,0.00,2.74,2.05,2.09,1.78,2.13,2.13,2.47,2.38,2.22,2.49,2.60,2.95,2.61,2.84,2.56,1.57,2.52,2.59,2.33,2.44,2.83,3.61,3.89,1.88,2.46,2.52,1.92,3.09,2.70,2.48,2.64,2.29,2.18,2.91,2.35,2.43,2.37,2.46,2.77,3.28,2.33,2.59,2.69,1.89,2.10,2.11,1.83,3.19,1.60,1.82,2.01,2.63,3.11,2.62,2.40,1.79,2.20,2.18,2.03,2.13,1.85,1.91,1.82,1.97,2.35,2.31,1.77,2.19,2.34,2.15,1.86,1.62,2.08,2.48,2.49,2.40,2.38,2.49,2.21,2.34,0.00,0.00,0.00,0.00,0.00,0.00,0.00,0.00,3.61,1.93,2.21,1.88,2.34,12360.6,361.60,12410.30,52898.50,6169.70,2905.10,4572.00,1260.8,1144.10,1767.30,19670.30,3866.3,1394.10,878.00,249.60,3382.20,24.40,1227.80,22257.20,418.90,14244.80,55309.40,5745.40,3376.80,4105.20,1615.00,3855.70,1791.70,420.20,3260.90,30.60,758.10,0.00,1414.70,0.00,0.00,0.00,0.00,0.00,132.50,899.10,456.80,464.40,392.80,1002.30,1073668.00,1044322.00,219569.15,220785.53,409765.75,223449,213632.00,49742,595192.68,978661.00,915126.00,1647126.00,0.89,0.99,13.00,8.00,21,1702985.96,6658.60,6551.30,0.00,0.00
Sub-16,63.9,0,XXX_01,1,1.90,2.01,2.27,2.79,2.53,2.49,2.38,2.14,2.61,2.63,1.66,2.83,2.65,2.47,2.37,2.64,3.09,3.43,2.48,2.17,2.53,1.81,3.26,2.40,2.31,2.68,2.37,2.28,2.86,2.27,2.41,2.34,2.41,3.07,3.15,2.98,2.85,2.95,1.95,1.90,2.43,1.92,3.49,1.59,1.77,2.26,2.84,2.72,2.59,2.86,1.96,2.27,2.07,2.12,2.11,2.09,1.89,1.78,2.16,2.43,2.34,2.21,2.34,2.74,2.25,1.97,2.24,2.18,2.38,2.11,2.49,2.49,2.49,2.49,2.45,1042289.00,1374624.50,0.00,0.00,0.00,0.00,0.00,0.00,0.00,0.00,3.11,2.03,1.89,2.07,2.50,2.35,2.49,2.29,2.25,2.61,2.49,2.29,2.86,2.98,3.07,1.64,2.68,2.88,2.43,2.13,2.94,3.05,3.57,2.10,2.24,2.82,1.89,3.36,2.78,2.47,2.67,2.33,2.28,3.13,2.58,2.30,2.09,2.76,2.94,3.12,2.93,2.85,2.70,1.97,2.13,2.42,2.00,3.48,1.67,1.76,2.43,2.76,2.40,2.64,2.84,2.27,2.17,2.07,2.38,2.15,1.93,1.98,2.02,2.49,2.18,2.60,2.04,2.17,2.43,2.34,1.98,1.42,2.10,2.28,2.02,2.65,2.32,2.49,2.72,2.41,0.00,0.00,0.00,0.00,0.00,0.00,0.00,0.00,3.41,2.05,1.64,1.68,2.30,12691.5,307.70,15867.2,55993.30,6307.20,3170.40,4392.60,1911.3,1441.20,2297.10,20857.50,4231.6,2020.10,946.40,424.70,3973.20,27.40,471.80,10199.00,402.7,14412.20,56204.50,6763.80,3558.80,4377.90,1874.30,3779.20,1612.00,532.00,4278.20,17.80,499.00,0.00,7664.30,0.00,0.00,0.00,0.00,0.00,109.30,1216.90,632.70,462.90,316.20,925.70,1124268.00,1092371.00,213565.63,215217.88,479767.58,233688.50,230968.50,54519.00,592781.5,982112.00,950215.00,1699657.00,0.82,1.19,5.00,2.00,7,1597596.02,6307.20,6763.80,0.00,0.00
Sub-17,58,1,XXX_01,1,2.03,1.97,2.14,2.64,2.0,2.54,2.42,2.57,3.07,2.43,2.04,2.61,2.83,2.30,2.41,2.64,2.93,3.88,2.67,1.85,3.02,1.21,3.04,2.26,2.21,2.59,2.17,2.13,2.78,2.62,2.44,2.18,2.41,2.97,2.81,2.24,2.95,2.83,2.15,1.97,2.37,2.26,3.16,1.96,1.97,1.97,2.61,2.43,2.46,2.39,2.24,2.02,2.03,2.58,2.10,1.73,1.96,1.87,2.28,2.47,2.33,1.92,2.33,2.39,2.11,1.91,2.13,2.41,2.21,2.14,2.25,2.11,2.36,2.77,2.41,1122386,1188779.60,0.00,0.00,0.00,0.00,0.00,0.00,0.00,0.00,2.95,1.93,1.85,1.91,1.95,2.27,2.21,2.35,2.44,2.45,2.35,2.71,2.48,2.86,2.89,1.87,2.47,2.41,2.29,2.50,2.84,3.30,3.60,1.94,2.52,3.07,1.74,3.44,2.86,2.65,2.55,2.19,1.89,2.82,2.55,2.25,2.43,2.65,3.02,3.33,2.59,2.63,2.90,1.92,1.99,2.33,2.09,3.15,1.81,1.94,1.95,2.78,2.64,2.42,2.76,1.92,1.95,2.06,2.15,2.04,2.29,1.92,2.20,2.35,2.31,2.35,2.14,2.08,2.25,1.86,1.92,1.59,2.11,2.34,2.67,2.42,2.24,2.29,2.57,2.41,0.00,0.00,0.00,0.00,0.00,0.00,0.00,0.00,3.15,2.15,1.90,1.91,2.18,9720.70,767.00,12381.7,52724.30,6124.50,3114.50,3616.60,1781.80,1222.90,2654.40,18162.50,4094.9,1510.60,1118.10,484.60,3450.30,68.70,707.20,8988.40,671.80,14312.50,50112.70,6121.10,3315.60,4004.40,1500.80,4564.20,1532.70,565.10,4087.80,18.20,604.30,0.00,718.40,0.00,0.00,0.00,0.00,0.00,329.40,949.20,595.10,334.30,496.70,692.80,1050371.00,1024578.00,207470.67,210118.62,429104.17,213957.5,219111.50,53748,570981.28,927864.00,902071.00,1575152.00,0.78,1.33,4.00,1.00,5,1518078.32,6124.50,6121.10,0.00,0.00
Sub-18,48.6,1,XXX_01,1,2.05,2.39,2.36,2.31,2.21,2.39,2.42,2.46,2.74,2.57,1.75,2.64,2.78,2.45,2.25,2.77,2.67,3.37,2.47,1.85,2.82,1.82,3.03,2.44,2.61,2.51,2.26,1.93,2.80,2.74,2.35,2.51,2.22,3.14,2.95,2.34,2.68,2.79,2.11,2.18,2.41,1.67,3.38,1.68,1.82,2.37,2.28,2.69,2.29,2.72,1.70,2.14,1.85,2.27,2.15,2.10,1.94,2.02,2.05,2.89,2.13,1.79,2.13,2.72,1.99,1.91,2.07,2.18,2.48,1.83,2.33,2.39,2.32,2.27,2.35,1100697.00,1720130.94,0.00,0.00,0.00,0.00,0.00,0.00,0.00,0.00,3.16,2.14,2.07,2.00,2.21,1.98,2.47,2.09,2.29,2.64,2.68,2.36,2.40,2.99,3.09,1.77,2.59,2.74,2.46,2.39,2.80,3.25,2.82,1.97,2.54,2.75,1.73,3.30,3.02,2.36,2.52,2.03,1.73,2.87,2.57,2.03,2.42,2.57,2.87,3.08,2.56,2.63,2.95,2.12,2.18,2.39,1.80,3.05,1.75,1.87,2.23,2.71,2.23,2.35,2.48,1.95,2.07,2.06,2.27,1.94,2.06,2.06,2.15,1.95,2.37,2.38,2.01,2.31,2.31,2.11,1.99,1.54,2.26,2.33,2.00,2.26,2.32,2.33,2.50,2.25,0.00,0.00,0.00,0.00,0.00,0.00,0.00,0.00,3.12,1.97,2.18,1.98,2.38,19980.00,734.10,14695.4,59160.40,6173.90,3811.70,5005.10,1866.5,2403.90,3008.90,20943.30,4164.2,1372.50,1123.00,558.60,4332.10,213.20,1201.00,16857.20,560.90,13114.50,52718.70,6382.70,3567.30,4805.00,1825.80,4217.70,1645.40,510.80,3995.20,12.40,743.00,0.00,1171.10,0.00,0.00,0.00,0.00,0.00,193.60,1099.70,386.60,497.40,391.50,918.70,1123970.00,1074495.00,204107.89,208764.01,473408.93,234966.50,212568.00,56480.00,575683.90,992501.00,993108.00,1601879.00,0.91,1.15,11.00,1.00,12,1593348.26,5842.30,6382.70,0.00,0.00
Sub-19,68.9,1,XXX_01,1,2.06,2.34,2.16,2.62,2.87,2.49,2.93,2.55,2.56,2.70,1.70,2.81,3.12,2.31,2.43,2.71,3.03,3.94,2.69,2.15,2.99,1.40,2.99,2.45,2.12,2.26,2.21,1.91,2.68,2.44,2.25,2.26,2.46,2.79,2.93,2.52,2.85,2.91,1.92,2.29,2.24,1.59,3.28,1.64,1.79,2.22,2.61,2.50,2.62,2.43,1.95,2.14,1.89,2.29,1.97,2.15,2.16,1.69,2.28,2.58,2.08,1.73,2.08,2.29,2.16,2.09,2.12,2.60,2.45,2.21,2.32,2.41,2.34,2.11,2.37,1113540.00,1445306.55,0.00,0.00,0.00,0.00,0.00,0.00,0.00,0.00,3.09,2.31,1.84,2.12,2.34,2.11,2.62,2.01,2.48,2.33,2.62,2.48,2.70,3.12,3.04,1.51,2.46,2.70,2.43,2.33,2.77,3.25,3.12,2.25,2.45,3.05,1.89,3.33,2.89,2.42,2.82,2.25,1.88,2.69,2.18,2.30,2.04,2.46,2.97,3.12,2.48,2.73,2.79,2.27,2.10,2.50,1.70,3.30,1.57,1.83,2.12,2.38,2.27,2.53,2.34,2.01,1.99,1.84,2.31,2.10,2.11,1.76,2.00,1.88,2.47,2.32,1.62,2.18,2.28,2.09,1.75,1.64,2.26,2.33,2.49,2.54,2.40,2.51,2.42,2.99,0.00,0.00,0.00,0.00,0.00,0.00,0.00,0.00,3.41,1.90,1.80,2.00,2.32,13274.8,251.2,19805,64007.20,7655.70,3116.60,4943.40,2291.5,2530.80,2225.10,21318.60,4140.2,1571.00,992.30,453.20,5159.30,32.70,770.10,4954.50,267.10,17884.10,49932.60,7141.00,3425.60,4481.60,1558.00,4269.70,1925.50,634.30,3871.30,12.20,639.70,0.00,777.70,0.00,0.00,0.00,0.00,0.00,151.50,740.30,433.80,552.90,555.80,627.60,1200861.00,1188813.00,235532.05,237633.23,473165.28,246466,246247.00,61105,662443.28,1037072.00,1025024.00,1622690.00,0.81,1.16,2.00,8.00,10,1571251.70,7277.30,6609.50,0.00,0.00
Sub-20,53.0,0,XXX_01,1,2.43,2.22,2.46,2.45,2.8,2.60,2.30,2.71,3.22,2.97,1.77,2.77,2.81,2.69,2.98,2.92,3.11,3.68,2.72,2.06,2.91,1.42,2.93,2.86,2.45,2.63,2.42,1.94,2.70,2.64,2.34,2.60,2.61,2.72,3.17,2.67,2.66,2.92,2.35,2.37,2.63,1.74,3.25,1.72,2.02,2.00,2.72,3.08,2.40,2.69,1.93,1.97,2.26,2.60,2.08,2.25,2.14,2.16,2.50,2.97,2.18,2.37,2.18,2.62,2.36,2.05,2.18,2.35,2.38,2.71,2.52,2.43,2.54,2.55,2.55,1024324.00,1226272.99,0.00,0.00,0.00,0.00,0.00,0.00,0.00,0.00,2.96,1.94,2.14,1.87,2.51,2.73,2.12,2.29,2.28,2.50,2.77,2.61,2.65,3.17,3.32,1.85,2.49,2.22,2.56,2.27,3.04,3.47,3.75,2.26,2.56,3.02,1.86,3.11,2.85,2.69,2.39,2.07,2.18,2.81,2.39,2.35,2.19,2.08,3.06,3.43,2.51,2.61,2.90,2.30,2.39,2.28,2.11,3.24,1.77,1.60,2.16,2.69,2.73,2.77,2.68,2.29,1.96,2.05,2.59,2.14,2.31,2.29,1.91,1.80,2.56,2.33,2.35,2.11,2.73,2.41,1.82,2.15,2.10,2.24,2.69,2.45,2.51,2.54,2.35,2.51,0.00,0.00,0.00,0.00,0.00,0.00,0.00,0.00,3.91,1.94,2.04,1.92,2.32,12728.1,526,15995.8,52967.40,6234.10,3011.20,4218.20,1527.7,1644.50,2793.80,19363.00,4494.00,1834.00,949.10,587.90,4116.00,51.40,550.10,10221.90,369.60,14518.60,56428.20,8029.30,3700.80,4492.6,1951.8,3921.50,1910.80,616.90,4097.40,10.20,606.20,0.00,715.00,0.00,0.00,0.00,0.00,0.00,127.30,1054.20,523.90,464.40,439.80,883.10,1235212.00,1205833.00,261371.54,267795.78,529167.32,235983.5,227660.50,61933,702855.32,997507.00,1028162.00,1807027.00,0.89,1.21,2.00,7.00,9,1616488.08,7047.10,8029.30,0.00,0.00